<hibernate-configuration>
    <session-factory>

        <property name="hibernate.connection.driver_class">
            com.mysql.cj.jdbc.Driver
        </property>

        <property name="hibernate.connection.url">
            jdbc:mysql://localhost:3306/exp3
        </property>

        <property name="hibernate.connection.username">root</property>
        <property name="hibernate.connection.password">Harsha@0821</property>

        <property name="hibernate.dialect">
            org.hibernate.dialect.MySQL8Dialect
        </property>

        <property name="hibernate.hbm2ddl.auto">update</property>
        <property name="hibernate.show_sql">true</property>

        <mapping class="com.example.hql.Product"/>

    </session-factory>
</hibernate-configuration>

